id,x,y,w,h,cx,cy,angle_deg,radius,char,name,cp_hex,cp_bin,utf8_hex,utf8_bin
1,721,117,79,76,760.5,155,343.13,908.07,👏,CLAPPING HANDS SIGN,1F44F,11111010001001111,F09F918F,11110000100111111001000110001111
2,837,131,72,69,873,165.5,350.02,871.68,💭,THOUGHT BALLOON,1F4AD,11111010010101101,F09F92AD,11110000100111111001001010101101
3,956,164,60,61,986,194.5,357.38,830.37,🥴,FACE WITH UNEVEN EYES AND WAVY MOUTH,1F974,11111100101110100,F09FA5B4,11110000100111111010010110110100
4,1027,98,56,65,1055,130.5,1.99,894.04,🙎‍♀️,WOMAN POUTING,1F64E-200D-2640-FE0F,11111011001001110 10000000001101 10011001000000 1111111000001111,F09F998EE2808DE29980EFB88F,11110000100111111001100110001110111000101000000010001101111000101001100110000000111011111011100010001111
5,1127,146,64,64,1159,178,9.07,856.70,🖤,BLACK HEART,1F5A4,11111010110100100,F09F96A4,11110000100111111001011010100100
6,1053,205,64,63,1085,236.5,4.43,789.86,❤️,HEAVY BLACK HEART,2764-FE0F,10011101100100 1111111000001111,E29DA4EFB88F,111000101001110110100100111011111011100010001111
7,1137,260,71,66,1172.5,293,11.48,745.93,🪙,COIN,1FA99,11111101010011001,F09FAA99,11110000100111111010101010011001
8,1215,209,71,65,1250.5,241.5,16.14,814.62,🚴,BICYCLIST,1F6B4,11111011010110100,F09F9AB4,11110000100111111001101010110100
9,1311,170,56,60,1339,200,20.92,882.16,🏃‍♀️,WOMAN RUNNING,1F3C3-200D-2640-FE0F,11111001111000011 10000000001101 10011001000000 1111111000001111,F09F8F83E2808DE29980EFB88F,11110000100111111000111110000011111000101000000010001101111000101001100110000000111011111011100010001111
10,1296,279,68,66,1330,312,23.26,774.97,🙏,PERSON WITH FOLDED HANDS,1F64F,11111011001001111,F09F998F,11110000100111111001100110001111
11,1392,246,51,67,1417.5,279.5,27.86,842.09,👨‍✈️,MAN PILOT,1F468-200D-2708-FE0F,11111010001101000 10000000001101 10011100001000 1111111000001111,F09F91A8E2808DE29C88EFB88F,11110000100111111001000110101000111000101000000010001101111000101001110010001000111011111011100010001111
12,1499,227,24,70,1511,262,32.58,904.33,🧍‍♀️,WOMAN STANDING,1F9CD-200D-2640-FE0F,11111100111001101 10000000001101 10011001000000 1111111000001111,F09FA78DE2808DE29980EFB88F,11110000100111111010011110001101111000101000000010001101111000101001100110000000111011111011100010001111
13,1460,334,48,68,1484,368,35.04,801.21,🧑🏻‍🩰,CUSTOM INPUT,1F9D1-1F3FB-200D-1FA70,11111100111010001 11111001111111011 10000000001101 11111101001110000,F09FA791F09F8FBBE2808DF09FA9B0,111100001001111110100111100100011111000010011111100011111011101111100010100000001000110111110000100111111010100110110000
14,1543,323,68,68,1577,357,39.66,866.43,👨‍🌾,MAN FARMER,1F468-200D-1F33E,11111010001101000 10000000001101 11111001100111110,F09F91A8E2808DF09F8CBE,1111000010011111100100011010100011100010100000001000110111110000100111111000110010111110
15,1360,363,66,63,1393,394.5,30.38,729.68,👩🏽‍🦰,CUSTOM INPUT,1F469-1F3FD-200D-1F9B0,11111010001101001 11111001111111101 10000000001101 11111100110110000,F09F91A9F09F8FBDE2808DF09FA6B0,111100001001111110010001101010011111000010011111100011111011110111100010100000001000110111110000100111111010011010110000
16,1219,328,49,69,1243.5,362.5,18.36,696.97,👆🏿,CUSTOM INPUT,1F446-1F3FF,11111010001000110 11111001111111111,F09F9186F09F8FBF,1111000010011111100100011000011011110000100111111000111110111111
17,1087,330,36,64,1105,362,6.98,666.94,🚶🏾‍♀️,CUSTOM INPUT,1F6B6-1F3FE-200D-2640-FE0F,11111011010110110 11111001111111110 10000000001101 10011001000000 1111111000001111,F09F9AB6F09F8FBEE2808DE29980EFB88F,1111000010011111100110101011011011110000100111111000111110111110111000101000000010001101111000101001100110000000111011111011100010001111
18,987,277,70,64,1022,309,359.84,715.00,👼,BABY ANGEL,1F47C,11111010001111100,F09F91BC,11110000100111111001000110111100
19,901,235,51,66,926.5,268,352.65,762.26,🦻🏿,CUSTOM INPUT,1F9BB-1F3FF,11111100110111011 11111001111111111,F09FA6BBF09F8FBF,1111000010011111101001101011101111110000100111111000111110111111
20,793,212,61,69,823.5,246.5,345.54,802.94,🧑🏻‍🍳,CUSTOM INPUT,1F9D1-1F3FB-200D-1F373,11111100111010001 11111001111111011 10000000001101 11111001101110011,F09FA791F09F8FBBE2808DF09F8DB3,111100001001111110100111100100011111000010011111100011111011101111100010100000001000110111110000100111111000110110110011
21,681,203,62,70,712,238,338.35,845.66,🙋🏿‍♂️,CUSTOM INPUT,1F64B-1F3FF-200D-2642-FE0F,11111011001001011 11111001111111111 10000000001101 10011001000010 1111111000001111,F09F998BF09F8FBFE2808DE29982EFB88F,1111000010011111100110011000101111110000100111111000111110111111111000101000000010001101111000101001100110000010111011111011100010001111
22,567,213,63,69,598.5,247.5,331.28,885.44,🧗‍♂️,MAN CLIMBING,1F9D7-200D-2642-FE0F,11111100111010111 10000000001101 10011001000010 1111111000001111,F09FA797E2808DE29982EFB88F,11110000100111111010011110010111111000101000000010001101111000101001100110000010111011111011100010001111
24,539,317,72,44,575,339,326.76,819.04,🏊‍♂️,MAN SWIMMING,1F3CA-200D-2642-FE0F,11111001111001010 10000000001101 10011001000010 1111111000001111,F09F8F8AE2808DE29982EFB88F,11110000100111111000111110001010111000101000000010001101111000101001100110000010111011111011100010001111
25,657,294,57,66,685.5,327,334.10,774.85,🧑🏾‍⚖️,CUSTOM INPUT,1F9D1-1F3FE-200D-2696-FE0F,11111100111010001 11111001111111110 10000000001101 10011010010110 1111111000001111,F09FA791F09F8FBEE2808DE29A96EFB88F,1111000010011111101001111001000111110000100111111000111110111110111000101000000010001101111000101001101010010110111011111011100010001111
26,755,298,65,66,787.5,331,341.16,732.24,😺,SMILING CAT FACE WITH OPEN MOUTH,1F63A,11111011000111010,F09F98BA,11110000100111111001100010111010
27,859,321,49,66,883.5,354,348.16,684.57,🧑🏾‍💼,CUSTOM INPUT,1F9D1-1F3FE-200D-1F4BC,11111100111010001 11111001111111110 10000000001101 11111010010111100,F09FA791F09F8FBEE2808DF09F92BC,111100001001111110100111100100011111000010011111100011111011111011100010100000001000110111110000100111111001001010111100
28,934,370,72,52,970,396,355.09,630.32,🏊🏾‍♀️,CUSTOM INPUT,1F3CA-1F3FE-200D-2640-FE0F,11111001111001010 11111001111111110 10000000001101 10011001000000 1111111000001111,F09F8F8AF09F8FBEE2808DE29980EFB88F,1111000010011111100011111000101011110000100111111000111110111110111000101000000010001101111000101001100110000000111011111011100010001111
29,1011,411,68,70,1045,446,2.08,578.38,🧩,JIGSAW PUZZLE PIECE,1F9E9,11111100111101001,F09FA7A9,11110000100111111010011110101001
30,1135,397,71,67,1170.5,430.5,13.87,611.31,🚴,BICYCLIST,1F6B4,11111011010110100,F09F9AB4,11110000100111111001101010110100
31,1272,411,64,61,1304,441.5,25.67,646.30,😯,HUSHED FACE,1F62F,11111011000101111,F09F98AF,11110000100111111001100010101111
32,1406,449,59,68,1435.5,483,37.26,679.72,🙋‍♀️,WOMAN RAISING HAND,1F64B-200D-2640-FE0F,11111011001001011 10000000001101 10011001000000 1111111000001111,F09F998BE2808DE29980EFB88F,11110000100111111001100110001011111000101000000010001101111000101001100110000000111011111011100010001111
33,1508,430,56,64,1536,462,42.33,760.26,🧑🏻‍🔧,CUSTOM INPUT,1F9D1-1F3FB-200D-1F527,11111100111010001 11111001111111011 10000000001101 11111010100100111,F09FA791F09F8FBBE2808DF09F94A7,111100001001111110100111100100011111000010011111100011111011101111100010100000001000110111110000100111111001010010100111
34,1600,424,51,68,1625.5,458,46.74,825.93,🔓,OPEN LOCK,1F513,11111010100010011,F09F9493,11110000100111111001010010010011
35,1696,438,49,65,1720.5,470.5,51.53,889.65,🤵,MAN IN TUXEDO,1F935,11111100100110101,F09FA4B5,11110000100111111010010010110101
36,1715,544,69,69,1749.5,578.5,58.45,851.36,😈,SMILING FACE WITH HORNS,1F608,11111011000001000,F09F9888,11110000100111111001100010001000
37,1647,530,21,62,1657.5,561,53.84,784.66,🕴🏿,CUSTOM INPUT,1F574-1F3FF,11111010101110100 11111001111111111,F09F95B4F09F8FBF,1111000010011111100101011011010011110000100111111000111110111111
38,1538,526,50,65,1563,558.5,49.18,712.19,🤱,BREAST-FEEDING,1F931,11111100100110001,F09FA4B1,11110000100111111010010010110001
39,1431,544,64,63,1463,575.5,44.39,627.59,😲,ASTONISHED FACE,1F632,11111011000110010,F09F98B2,11110000100111111001100010110010
40,1317,495,52,64,1343,527,32.69,590.57,🧞,GENIE,1F9DE,11111100111011110,F09FA79E,11110000100111111010011110011110
41,1193,475,58,65,1222,507.5,20.97,553.15,👴,OLDER MAN,1F474,11111010001110100,F09F91B4,11110000100111111001000110110100
42,1072,485,69,68,1106.5,519,9.28,511.69,💇,HAIRCUT,1F487,11111010010000111,F09F9287,11110000100111111001001010000111
43,971,525,62,65,1002,557.5,357.30,467.02,👱‍♀️,WOMAN: BLOND HAIR,1F471-200D-2640-FE0F,11111010001110001 10000000001101 10011001000000 1111111000001111,F09F91B1E2808DE29980EFB88F,11110000100111111001000110110001111000101000000010001101111000101001100110000000111011111011100010001111
44,905,460,64,67,937,493.5,350.69,537.59,🧖🏻,CUSTOM INPUT,1F9D6-1F3FB,11111100111010110 11111001111111011,F09FA796F09F8FBB,1111000010011111101001111001011011110000100111111000111110111011
45,840,418,27,66,853.5,451,343.43,597.83,🧍,STANDING PERSON,1F9CD,11111100111001101,F09FA78D,11110000100111111010011110001101
46,742,399,40,58,762,428,336.27,651.05,🧑🏻‍🦽‍➡️,CUSTOM INPUT,1F9D1-1F3FB-200D-1F9BD-200D-27A1-FE0F,11111100111010001 11111001111111011 10000000001101 11111100110111101 10000000001101 10011110100001 1111111000001111,F09FA791F09F8FBBE2808DF09FA6BDE2808DE29EA1EFB88F,111100001001111110100111100100011111000010011111100011111011101111100010100000001000110111110000100111111010011010111101111000101000000010001101111000101001111010100001111011111011100010001111
47,631,394,68,54,665,421,329.23,701.78,🫲,LEFTWARDS HAND,1FAF2,11111101011110010,F09FABB2,11110000100111111010101110110010
48,530,397,68,69,564,431.5,322.18,750.10,👩🏻‍🌾,CUSTOM INPUT,1F469-1F3FB-200D-1F33E,11111010001101001 11111001111111011 10000000001101 11111001100111110,F09F91A9F09F8FBBE2808DF09F8CBE,111100001001111110010001101010011111000010011111100011111011101111100010100000001000110111110000100111111000110010111110
49,439,335,61,68,469.5,369,319.75,858.19,🧛🏻‍♂️,CUSTOM INPUT,1F9DB-1F3FB-200D-2642-FE0F,11111100111011011 11111001111111011 10000000001101 10011001000010 1111111000001111,F09FA79BF09F8FBBE2808DE29982EFB88F,1111000010011111101001111001101111110000100111111000111110111011111000101000000010001101111000101001100110000010111011111011100010001111
50,333,384,65,63,365.5,415.5,312.74,896.60,🤨,FACE WITH ONE EYEBROW RAISED,1F928,11111100100101000,F09FA4A8,11110000100111111010010010101000
51,431,430,68,68,465,464,315.05,791.25,☠️,SKULL AND CROSSBONES,2620-FE0F,10011000100000 1111111000001111,E298A0EFB88F,111000101001100010100000111011111011100010001111
52,331,478,69,68,365.5,512,307.87,834.13,🧟‍♀️,WOMAN ZOMBIE,1F9DF-200D-2640-FE0F,11111100111011111 10000000001101 10011001000000 1111111000001111,F09FA79FE2808DE29980EFB88F,11110000100111111010011110011111111000101000000010001101111000101001100110000000111011111011100010001111
53,242,555,68,51,276,580.5,300.66,869.60,🤝,HANDSHAKE,1F91D,11111100100011101,F09FA49D,11110000100111111010010010011101
54,363,571,47,67,386.5,604.5,303.35,763.14,👷🏿‍♀️,CUSTOM INPUT,1F477-1F3FF-200D-2640-FE0F,11111010001110111 11111001111111111 10000000001101 10011001000000 1111111000001111,F09F91B7F09F8FBFE2808DE29980EFB88F,1111000010011111100100011011011111110000100111111000111110111111111000101000000010001101111000101001100110000000111011111011100010001111
55,449,522,56,70,477,557,310.49,719.23,🧑🏾‍🦳,CUSTOM INPUT,1F9D1-1F3FE-200D-1F9B3,11111100111010001 11111001111111110 10000000001101 11111100110110011,F09FA791F09F8FBEE2808DF09FA6B3,111100001001111110100111100100011111000010011111100011111011111011100010100000001000110111110000100111111010011010110011
56,555,512,36,48,573,536,317.26,664.49,🧎🏻,CUSTOM INPUT,1F9CE-1F3FB,11111100111001110 11111001111111011,F09FA78EF09F8FBB,1111000010011111101001111000111011110000100111111000111110111011
57,636,486,62,68,667,520,324.69,617.63,💆‍♀️,WOMAN GETTING MASSAGE,1F486-200D-2640-FE0F,11111010010000110 10000000001101 10011001000000 1111111000001111,F09F9286E2808DE29980EFB88F,11110000100111111001001010000110111000101000000010001101111000101001100110000000111011111011100010001111
58,735,497,51,68,760.5,531,331.88,559.00,👮🏾‍♀️,CUSTOM INPUT,1F46E-1F3FE-200D-2640-FE0F,11111010001101110 11111001111111110 10000000001101 10011001000000 1111111000001111,F09F91AEF09F8FBEE2808DE29980EFB88F,1111000010011111100100011010111011110000100111111000111110111110111000101000000010001101111000101001100110000000111011111011100010001111
59,474,633,69,49,508.5,657.5,305.41,632.50,🤜,RIGHT-FACING FIST,1F91C,11111100100011100,F09FA49C,11110000100111111010010010011100
60,576,594,51,68,601.5,628,313.15,579.07,🤱,BREAST-FEEDING,1F931,11111100100110001,F09FA4B1,11110000100111111010010010110001
61,657,608,69,40,691.5,628,319.98,517.08,🚣,ROWBOAT,1F6A3,11111011010100011,F09F9AA3,11110000100111111001101010100011
62,759,616,45,67,781.5,649.5,327.08,446.16,🤘,SIGN OF THE HORNS,1F918,11111100100011000,F09FA498,11110000100111111010010010011000
63,812,531,67,68,845.5,565,338.75,492.49,👨‍🏫,MAN TEACHER,1F468-200D-1F3EB,11111010001101000 10000000001101 11111001111101011,F09F91A8E2808DF09F8FAB,1111000010011111100100011010100011100010100000001000110111110000100111111000111110101011
64,894,589,58,65,923,621.5,345.91,414.98,🧝‍♂️,MAN ELF,1F9DD-200D-2642-FE0F,11111100111011101 10000000001101 10011001000010 1111111000001111,F09FA79DE2808DE29982EFB88F,11110000100111111010011110011101111000101000000010001101111000101001100110000010111011111011100010001111
65,1039,614,30,59,1054,643.5,4.51,381.68,❓,BLACK QUESTION MARK ORNAMENT,2753,10011101010011,E29D93,111000101001110110010011
66,1112,568,65,72,1144.5,604,16.01,436.94,👯‍♂️,MEN WITH BUNNY EARS,1F46F-200D-2642-FE0F,11111010001101111 10000000001101 10011001000010 1111111000001111,F09F91AFE2808DE29982EFB88F,11110000100111111001000110101111111000101000000010001101111000101001100110000010111011111011100010001111
67,1221,562,64,64,1253,594,28.04,487.18,😙,KISSING FACE WITH SMILING EYES,1F619,11111011000011001,F09F9899,11110000100111111001100010011001
68,1329,581,70,70,1364,616,39.81,531.10,👨‍🌾,MAN FARMER,1F468-200D-1F33E,11111010001101000 10000000001101 11111001100111110,F09F91A8E2808DF09F8CBE,1111000010011111100100011010100011100010100000001000110111110000100111111000110010111110
69,1438,636,59,66,1467.5,669,51.32,568.08,👱‍♂️,MAN: BLOND HAIR,1F471-200D-2642-FE0F,11111010001110001 10000000001101 10011001000010 1111111000001111,F09F91B1E2808DE29982EFB88F,11110000100111111001000110110001111000101000000010001101111000101001100110000010111011111011100010001111
70,1542,621,63,70,1573.5,656,56.19,661.34,🏋,PERSON LIFTING WEIGHTS,1F3CB,11111001111001011,F09F8F8B,11110000100111111000111110001011
71,1651,632,40,67,1671,665.5,61.01,739.68,💂‍♀️,WOMAN GUARD,1F482-200D-2640-FE0F,11111010010000010 10000000001101 10011001000000 1111111000001111,F09F9282E2808DE29980EFB88F,11110000100111111001001010000010111000101000000010001101111000101001100110000000111011111011100010001111
72,1730,657,60,67,1760,690.5,65.62,808.03,🧙‍♀️,WOMAN MAGE,1F9D9-200D-2640-FE0F,11111100111011001 10000000001101 10011001000000 1111111000001111,F09FA799E2808DE29980EFB88F,11110000100111111010011110011001111000101000000010001101111000101001100110000000111011111011100010001111
73,390,660,59,68,419.5,694,298.63,688.71,🧙‍♂️,MAN MAGE,1F9D9-200D-2642-FE0F,11111100111011001 10000000001101 10011001000010 1111111000001111,F09FA799E2808DE29982EFB88F,11110000100111111010011110011001111000101000000010001101111000101001100110000010111011111011100010001111
74,266,651,70,46,301,674,295.83,803.26,🏊,SWIMMER,1F3CA,11111001111001010,F09F8F8A,11110000100111111000111110001010
75,192,713,66,66,225,746,289.18,845.98,😹,CAT FACE WITH TEARS OF JOY,1F639,11111011000111001,F09F98B9,11110000100111111001100010111001
76,317,721,60,67,347,754.5,291.71,728.67,👨‍🎤,MAN SINGER,1F468-200D-1F3A4,11111010001101000 10000000001101 11111001110100100,F09F91A8E2808DF09F8EA4,1111000010011111100100011010100011100010100000001000110111110000100111111000111010100100
77,447,746,61,66,477.5,779,294.15,598.91,🧒,CHILD,1F9D2,11111100111010010,F09FA792,11110000100111111010011110010010
78,529,729,69,35,563.5,746.5,301.07,537.65,🫳,PALM DOWN HAND,1FAF3,11111101011110011,F09FABB3,11110000100111111010101110110011
79,626,699,62,67,657,732.5,308.46,468.68,👩‍🦯‍➡️,WOMAN WITH WHITE CANE FACING RIGHT,1F469-200D-1F9AF-200D-27A1-FE0F,11111010001101001 10000000001101 11111100110101111 10000000001101 10011110100001 1111111000001111,F09F91A9E2808DF09FA6AFE2808DE29EA1EFB88F,1111000010011111100100011010100111100010100000001000110111110000100111111010011010101111111000101000000010001101111000101001111010100001111011111011100010001111
80,729,715,50,65,754,747.5,315.68,386.46,🧑‍⚕️,HEALTH WORKER,1F9D1-200D-2695-FE0F,11111100111010001 10000000001101 10011010010101 1111111000001111,F09FA791E2808DE29A95EFB88F,11110000100111111010011110010001111000101000000010001101111000101001101010010101111011111011100010001111
81,853,674,42,65,874,706.5,334.71,351.15,🚶‍♂️,MAN WALKING,1F6B6-200D-2642-FE0F,11111011010110110 10000000001101 10011001000010 1111111000001111,F09F9AB6E2808DE29982EFB88F,11110000100111111001101010110110111000101000000010001101111000101001100110000010111011111011100010001111
82,958,684,60,65,988,716.5,353.32,309.60,🧛,VAMPIRE,1F9DB,11111100111011011,F09FA79B,11110000100111111010011110011011
83,1042,733,69,68,1076.5,767,11.55,262.31,👵,OLDER WOMAN,1F475,11111010001110101,F09F91B5,11110000100111111001000110110101
84,1139,673,38,67,1158,706.5,22.88,344.62,🖕,REVERSED HAND WITH MIDDLE FINGER EXTENDED,1F595,11111010110010101,F09F9695,11110000100111111001011010010101
85,1227,659,58,66,1256,692,34.95,405.03,✊,RAISED FIST,270A,10011100001010,E29C8A,111000101001110010001010
86,1322,676,68,68,1356,710,46.60,456.97,🤦🏿,CUSTOM INPUT,1F926-1F3FF,11111100100100110 11111001111111111,F09FA4A6F09F8FBF,1111000010011111101001001010011011110000100111111000111110111111
87,1424,726,64,69,1456,760.5,58.62,506.02,🖖🏿,CUSTOM INPUT,1F596-1F3FF,11111010110010110 11111001111111111,F09F9696F09F8FBF,1111000010011111100101101001011011110000100111111000111110111111
88,1537,718,56,65,1565,750.5,63.18,606.20,👳,MAN WITH TURBAN,1F473,11111010001110011,F09F91B3,11110000100111111001000110110011
89,1638,729,54,64,1665,761,67.69,692.86,👳‍♀️,WOMAN WEARING TURBAN,1F473-200D-2640-FE0F,11111010001110011 10000000001101 10011001000000 1111111000001111,F09F91B3E2808DE29980EFB88F,11110000100111111001000110110011111000101000000010001101111000101001100110000000111011111011100010001111
90,1722,779,69,34,1756.5,796,72.71,767.16,🫴🏿,CUSTOM INPUT,1FAF4-1F3FF,11111101011110100 11111001111111111,F09FABB4F09F8FBF,1111000010011111101010111011010011110000100111111000111110111111
91,1817,700,62,63,1848,731.5,70.46,874.38,🙊,SPEAK-NO-EVIL MONKEY,1F64A,11111011001001010,F09F998A,11110000100111111001100110001010
92,1814,807,51,69,1839.5,841.5,77.39,835.67,👩🏿‍✈️,CUSTOM INPUT,1F469-1F3FF-200D-2708-FE0F,11111010001101001 11111001111111111 10000000001101 10011100001000 1111111000001111,F09F91A9F09F8FBFE2808DE29C88EFB88F,1111000010011111100100011010100111110000100111111000111110111111111000101000000010001101111000101001110010001000111011111011100010001111
93,1880,869,63,62,1911.5,900,82.05,896.12,🧝🏻‍♀️,CUSTOM INPUT,1F9DD-1F3FB-200D-2640-FE0F,11111100111011101 11111001111111011 10000000001101 10011001000000 1111111000001111,F09FA79DF09F8FBBE2808DE29980EFB88F,1111000010011111101001111001110111110000100111111000111110111011111000101000000010001101111000101001100110000000111011111011100010001111
94,1780,912,67,69,1813.5,946.5,84.39,793.29,💗,GROWING HEART,1F497,11111010010010111,F09F9297,11110000100111111001001010010111
95,1701,864,65,63,1733.5,895.5,79.73,721.04,🙂,SLIGHTLY SMILING FACE,1F642,11111011001000010,F09F9982,11110000100111111001100110000010
96,1610,823,65,69,1642.5,857.5,74.93,640.52,🤮,FACE WITH OPEN MOUTH VOMITING,1F92E,11111100100101110,F09FA4AE,11110000100111111010010010101110
97,1501,821,70,41,1536,841.5,70.38,543.55,🚣,ROWBOAT,1F6A3,11111011010100011,F09F9AA3,11110000100111111001101010100011
98,1380,816,63,63,1411.5,847.5,65.51,425.80,😉,WINKING FACE,1F609,11111011000001001,F09F9889,11110000100111111001100010001001
99,1286,772,71,68,1321.5,806,53.77,368.82,🧑🏿‍🏫,CUSTOM INPUT,1F9D1-1F3FF-200D-1F3EB,11111100111010001 11111001111111111 10000000001101 11111001111101011,F09FA791F09F8FBFE2808DF09F8FAB,111100001001111110100111100100011111000010011111100011111011111111100010100000001000110111110000100111111000111110101011
100,1194,766,58,67,1223,799.5,41.55,300.00,👱🏿,CUSTOM INPUT,1F471-1F3FF,11111010001110001 11111001111111111,F09F91B1F09F8FBF,1111000010011111100100011011000111110000100111111000111110111111
101,1091,819,63,71,1122.5,854.5,30.16,196.04,🙋🏿‍♂️,CUSTOM INPUT,1F64B-1F3FF-200D-2642-FE0F,11111011001001011 11111001111111111 10000000001101 10011001000010 1111111000001111,F09F998BF09F8FBFE2808DE29982EFB88F,1111000010011111100110011000101111110000100111111000111110111111111000101000000010001101111000101001100110000010111011111011100010001111
102,919,784,68,67,953,817.5,341.03,218.36,🏋🏿‍♀️,CUSTOM INPUT,1F3CB-1F3FF-200D-2640-FE0F,11111001111001011 11111001111111111 10000000001101 10011001000000 1111111000001111,F09F8F8BF09F8FBFE2808DE29980EFB88F,1111000010011111100011111000101111110000100111111000111110111111111000101000000010001101111000101001100110000000111011111011100010001111
103,830,773,62,67,861,806.5,323.15,271.80,👩‍⚖️,WOMAN JUDGE,1F469-200D-2696-FE0F,11111010001101001 10000000001101 10011010010110 1111111000001111,F09F91A9E2808DE29A96EFB88F,11110000100111111001000110101001111000101000000010001101111000101001101010010110111011111011100010001111
104,733,812,53,67,759.5,845.5,304.01,319.10,🙎🏾,CUSTOM INPUT,1F64E-1F3FE,11111011001001110 11111001111111110,F09F998EF09F8FBE,1111000010011111100110011000111011110000100111111000111110111110
105,615,802,70,63,650,833.5,296.99,419.72,🫵,INDEX POINTING AT THE VIEWER,1FAF5,11111101011110101,F09FABB5,11110000100111111010101110110101
106,529,828,58,64,558,860,289.39,494.02,👩‍🔬,WOMAN SCIENTIST,1F469-200D-1F52C,11111010001101001 10000000001101 11111010100101100,F09F91A9E2808DF09F94AC,1111000010011111100100011010100111100010100000001000110111110000100111111001010010101100
107,446,872,56,65,474,904.5,282.26,562.83,🏃,RUNNER,1F3C3,11111001111000011,F09F8F83,11110000100111111000111110000011
108,363,806,72,56,399,834,286.91,653.24,🤲,PALMS UP TOGETHER,1F932,11111100100110010,F09FA4B2,11110000100111111010010010110010
109,240,797,58,68,269,831,284.34,779.28,🧑🏻‍🦱,CUSTOM INPUT,1F9D1-1F3FB-200D-1F9B1,11111100111010001 11111001111111011 10000000001101 11111100110110001,F09FA791F09F8FBBE2808DF09FA6B1,111100001001111110100111100100011111000010011111100011111011101111100010100000001000110111110000100111111010011010110001
110,125,807,68,69,159,841.5,281.91,884.04,👯‍♀️,WOMEN WITH BUNNY EARS,1F46F-200D-2640-FE0F,11111010001101111 10000000001101 10011001000000 1111111000001111,F09F91AFE2808DE29980EFB88F,11110000100111111001000110101111111000101000000010001101111000101001100110000000111011111011100010001111
111,183,888,65,67,215.5,921.5,277.23,814.97,👨‍🎤,MAN SINGER,1F468-200D-1F3A4,11111010001101000 10000000001101 11111001110100100,F09F91A8E2808DF09F8EA4,1111000010011111100100011010100011100010100000001000110111110000100111111000111010100100
112,297,887,69,47,331.5,910.5,279.31,701.74,🤏,PINCHING HAND,1F90F,11111100100001111,F09FA48F,11110000100111111010010010001111
113,384,937,50,65,409,969.5,275.06,617.41,👨‍🍼,MAN FEEDING BABY,1F468-200D-1F37C,11111010001101000 10000000001101 11111001101111100,F09F91A8E2808DF09F8DBC,1111000010011111100100011010100011100010100000001000110111110000100111111000110110111100
114,999,881,51,64,1024.5,913,0.26,111.00,👃,NOSE,1F443,11111010001000011,F09F9183,11110000100111111001000110000011
115,1209,870,56,66,1237,903,60.40,244.97,🧑‍🦲,PERSON: BALD,1F9D1-200D-1F9B2,11111100111010001 10000000001101 11111100110110010,F09FA791E2808DF09FA6B2,1111000010011111101001111001000111100010100000001000110111110000100111111010011010110010
116,260,956,35,68,277.5,990,272.61,747.27,🦵,LEG,1F9B5,11111100110110101,F09FA6B5,11110000100111111010011010110101
117,331,1011,50,72,356,1047,268.03,668.40,🏌️‍♂️,MAN GOLFING,1F3CC-FE0F-200D-2642-FE0F,11111001111001100 1111111000001111 10000000001101 10011001000010 1111111000001111,F09F8F8CEFB88FE2808DE29982EFB88F,11110000100111111000111110001100111011111011100010001111111000101000000010001101111000101001100110000010111011111011100010001111
118,134,988,68,70,168,1023,270.07,856.00,🦸‍♂️,MAN SUPERHERO,1F9B8-200D-2642-FE0F,11111100110111000 10000000001101 10011001000010 1111111000001111,F09FA6B8E2808DE29982EFB88F,11110000100111111010011010111000111000101000000010001101111000101001100110000010111011111011100010001111
119,204,1053,67,66,237.5,1086,265.49,788.94,🤙,CALL ME HAND,1F919,11111100100011001,F09FA499,11110000100111111010010010011001
120,101,1102,68,67,135,1135.5,262.85,895.96,🥷,NINJA,1F977,11111100101110111,F09FA5B7,11110000100111111010010110110111
121,175,1167,68,55,209,1194.5,258.18,832.64,🫱🏿,CUSTOM INPUT,1FAF1-1F3FF,11111101011110001 11111001111111111,F09FABB1F09F8FBF,1111000010011111101010111011000111110000100111111000111110111111
122,289,1109,55,62,316.5,1140,260.69,716.95,👩🏿‍🦼,CUSTOM INPUT,1F469-1F3FF-200D-1F9BC,11111010001101001 11111001111111111 10000000001101 11111100110111100,F09F91A9F09F8FBFE2808DF09FA6BC,111100001001111110010001101010011111000010011111100011111011111111100010100000001000110111110000100111111010011010111100
123,377,1142,64,67,409,1175.5,256.16,633.39,💃,DANCER,1F483,11111010010000011,F09F9283,11110000100111111001001010000011
124,422,1057,52,68,448,1091,263.37,579.88,👷🏿,CUSTOM INPUT,1F477-1F3FF,11111010001110111 11111001111111111,F09F91B7F09F8FBF,1111000010011111100100011011011111110000100111111000111110111111
125,472,985,65,68,504.5,1019,270.55,519.52,🧜‍♀️,MERMAID,1F9DC-200D-2640-FE0F,11111100111011100 10000000001101 10011001000000 1111111000001111,F09FA79CE2808DE29980EFB88F,11110000100111111010011110011100111000101000000010001101111000101001100110000000111011111011100010001111
126,549,928,66,70,582,963,277.86,446.19,🙅🏿,CUSTOM INPUT,1F645-1F3FF,11111011001000101 11111001111111111,F09F9985F09F8FBF,1111000010011111100110011000010111110000100111111000111110111111
127,526,1081,66,70,559,1116,258.81,474.01,🏋,PERSON LIFTING WEIGHTS,1F3CB,11111001111001011,F09F8F8B,11110000100111111000111110001011
128,608,1018,61,68,638.5,1052,265.85,386.52,🧑‍🚒,FIREFIGHTER,1F9D1-200D-1F692,11111100111010001 10000000001101 11111011010010010,F09FA791E2808DF09F9A92,1111000010011111101001111001000111100010100000001000110111110000100111111001101010010010
129,482,1162,56,67,510,1195.5,251.55,541.86,🧑🏿‍🎓,CUSTOM INPUT,1F9D1-1F3FF-200D-1F393,11111100111010001 11111001111111111 10000000001101 11111001110010011,F09FA791F09F8FBFE2808DF09F8E93,111100001001111110100111100100011111000010011111100011111011111111100010100000001000110111110000100111111000111010010011
130,352,1238,64,64,384,1270,248.97,685.65,😧,ANGUISHED FACE,1F627,11111011000100111,F09F98A7,11110000100111111001100010100111
131,260,1205,62,65,291,1237.5,253.76,763.46,🤟,I LOVE YOU HAND SIGN,1F91F,11111100100011111,F09FA49F,11110000100111111010010010011111
132,170,1273,64,65,202,1305.5,251.10,868.86,🥹,FACE HOLDING BACK TEARS,1F979,11111100101111001,F09FA5B9,11110000100111111010010110111001
133,249,1311,50,67,274,1344.5,246.86,815.61,🫷🏿,CUSTOM INPUT,1FAF7-1F3FF,11111101011110111 11111001111111111,F09FABB7F09F8FBF,1111000010011111101010111011011111110000100111111000111110111111
134,350,1339,59,65,379.5,1371.5,241.67,732.21,🏃🏿‍♂️,CUSTOM INPUT,1F3C3-1F3FF-200D-2642-FE0F,11111001111000011 11111001111111111 10000000001101 10011001000010 1111111000001111,F09F8F83F09F8FBFE2808DE29982EFB88F,1111000010011111100011111000001111110000100111111000111110111111111000101000000010001101111000101001100110000010111011111011100010001111
135,268,1425,62,62,299,1456,239.21,843.95,😔,PENSIVE FACE,1F614,11111011000010100,F09F9894,11110000100111111001100010010100
136,361,1439,64,70,393,1474,234.51,775.02,👦🏿,CUSTOM INPUT,1F466-1F3FF,11111010001100110 11111001111111111,F09F91A6F09F8FBF,1111000010011111100100011010011011110000100111111000111110111111
137,440,1346,69,67,474.5,1379.5,237.10,654.47,🦹🏾‍♂️,CUSTOM INPUT,1F9B9-1F3FE-200D-2642-FE0F,11111100110111001 11111001111111110 10000000001101 10011001000010 1111111000001111,F09FA6B9F09F8FBEE2808DE29982EFB88F,1111000010011111101001101011100111110000100111111000111110111110111000101000000010001101111000101001100110000010111011111011100010001111
138,469,1443,35,68,486.5,1477,229.88,702.93,🚶‍♂️,MAN WALKING,1F6B6-200D-2642-FE0F,11111011010110110 10000000001101 10011001000010 1111111000001111,F09F9AB6E2808DE29982EFB88F,11110000100111111001101010110110111000101000000010001101111000101001100110000010111011111011100010001111
139,453,1250,60,67,483,1283.5,244.37,600.02,👰🏾‍♂️,CUSTOM INPUT,1F470-1F3FE-200D-2642-FE0F,11111010001110000 11111001111111110 10000000001101 10011001000010 1111111000001111,F09F91B0F09F8FBEE2808DE29982EFB88F,1111000010011111100100011011000011110000100111111000111110111110111000101000000010001101111000101001100110000010111011111011100010001111
140,313,1534,36,67,331,1567.5,231.89,880.70,🚶🏿,CUSTOM INPUT,1F6B6-1F3FF,11111011010110110 11111001111111111,F09F9AB6F09F8FBF,1111000010011111100110101011011011110000100111111000111110111111
141,387,1543,71,67,422.5,1576.5,227.43,816.74,🦹🏾‍♂️,CUSTOM INPUT,1F9B9-1F3FE-200D-2642-FE0F,11111100110111001 11111001111111110 10000000001101 10011001000010 1111111000001111,F09FA6B9F09F8FBEE2808DE29982EFB88F,1111000010011111101001101011100111110000100111111000111110111110111000101000000010001101111000101001100110000010111011111011100010001111
142,492,1543,53,64,518.5,1575,222.53,747.75,🙍‍♀️,WOMAN FROWNING,1F64D-200D-2640-FE0F,11111011001001101 10000000001101 10011001000000 1111111000001111,F09F998DE2808DE29980EFB88F,11110000100111111001100110001101111000101000000010001101111000101001100110000000111011111011100010001111
143,440,1646,63,64,471.5,1678,220.19,856.14,🫪,CUSTOM INPUT,1FAEA,11111101011101010,F09FABAA,11110000100111111010101110101010
144,537,1636,53,64,563.5,1668,215.57,791.70,🧑🏻‍🦼‍➡️,CUSTOM INPUT,1F9D1-1F3FB-200D-1F9BC-200D-27A1-FE0F,11111100111010001 11111001111111011 10000000001101 11111100110111100 10000000001101 10011110100001 1111111000001111,F09FA791F09F8FBBE2808DF09FA6BCE2808DE29EA1EFB88F,111100001001111110100111100100011111000010011111100011111011101111100010100000001000110111110000100111111010011010111100111000101000000010001101111000101001111010100001111011111011100010001111
145,503,1755,71,48,538.5,1779,212.74,897.63,🤛,LEFT-FACING FIST,1F91B,11111100100011011,F09FA49B,11110000100111111010010010011011
146,598,1724,63,63,629.5,1755.5,208.34,831.10,😠,ANGRY FACE,1F620,11111011000100000,F09F98A0,11110000100111111001100010100000
147,681,1802,62,69,712,1836.5,201.01,870.34,👨‍🍳,MAN COOK,1F468-200D-1F373,11111010001101000 10000000001101 11111001101110011,F09F91A8E2808DF09F8DB3,1111000010011111100100011010100011100010100000001000110111110000100111111000110110110011
148,692,1688,54,69,719,1722.5,203.59,762.19,🧞‍♂️,MAN GENIE,1F9DE-200D-2642-FE0F,11111100111011110 10000000001101 10011001000010 1111111000001111,F09FA79EE2808DE29982EFB88F,11110000100111111010011110011110111000101000000010001101111000101001100110000010111011111011100010001111
149,771,1639,65,70,803.5,1674,198.74,686.38,💪,FLEXED BICEPS,1F4AA,11111010010101010,F09F92AA,11110000100111111001001010101010
150,637,1608,43,63,658.5,1639.5,210.70,715.84,👂🏿,CUSTOM INPUT,1F442-1F3FF,11111010001000010 11111001111111111,F09F9182F09F8FBF,1111000010011111100100011000001011110000100111111000111110111111
151,594,1534,34,48,611,1558,217.72,675.07,🧎‍♀️,WOMAN KNEELING,1F9CE-200D-2640-FE0F,11111100111001110 10000000001101 10011001000000 1111111000001111,F09FA78EE2808DE29980EFB88F,11110000100111111010011110001110111000101000000010001101111000101001100110000000111011111011100010001111
152,562,1423,44,70,584,1458,225.39,618.03,🤞🏿,CUSTOM INPUT,1F91E-1F3FF,11111100100011110 11111001111111111,F09FA49EF09F8FBF,1111000010011111101001001001111011110000100111111000111110111111
153,558,1337,40,60,578,1367,232.44,562.64,👩🏻‍🦽‍➡️,CUSTOM INPUT,1F469-1F3FB-200D-1F9BD-200D-27A1-FE0F,11111010001101001 11111001111111011 10000000001101 11111100110111101 10000000001101 10011110100001 1111111000001111,F09F91A9F09F8FBBE2808DF09FA6BDE2808DE29EA1EFB88F,111100001001111110010001101010011111000010011111100011111011101111100010100000001000110111110000100111111010011010111101111000101000000010001101111000101001111010100001111011111011100010001111
154,561,1241,67,67,594.5,1274.5,239.75,497.21,👨🏻‍🎨,CUSTOM INPUT,1F468-1F3FB-200D-1F3A8,11111010001101000 11111001111111011 10000000001101 11111001110101000,F09F91A8F09F8FBBE2808DF09F8EA8,111100001001111110010001101010001111000010011111100011111011101111100010100000001000110111110000100111111000111010101000
155,603,1159,67,61,636.5,1189.5,246.87,421.36,🤷🏻,CUSTOM INPUT,1F937-1F3FB,11111100100110111 11111001111111011,F09FA4B7F09F8FBB,1111000010011111101001001011011111110000100111111000111110111011
156,677,1075,69,70,711.5,1110,254.61,324.12,💤,SLEEPING SYMBOL,1F4A4,11111010010100100,F09F92A4,11110000100111111001001010100100
157,708,971,69,69,742.5,1005.5,273.76,282.11,👋,WAVING HAND SIGN,1F44B,11111010001001011,F09F918B,11110000100111111001000110001011
158,654,899,52,64,680,931,285.13,356.35,🙍‍♂️,MAN FROWNING,1F64D-200D-2642-FE0F,11111011001001101 10000000001101 10011001000010 1111111000001111,F09F998DE2808DE29982EFB88F,11110000100111111001100110001101111000101000000010001101111000101001100110000010111011111011100010001111
159,779,900,68,69,813,934.5,292.99,229.20,🚵,MOUNTAIN BICYCLIST,1F6B5,11111011010110101,F09F9AB5,11110000100111111001101010110101
160,882,890,66,69,915,924.5,312.39,147.58,🙅‍♀️,WOMAN GESTURING NO,1F645-200D-2640-FE0F,11111011001000101 10000000001101 10011001000000 1111111000001111,F09F9985E2808DE29980EFB88F,11110000100111111001100110000101111000101000000010001101111000101001100110000000111011111011100010001111
161,822,1010,71,71,857.5,1045.5,262.64,167.88,🙆🏻‍♂️,CUSTOM INPUT,1F646-1F3FB-200D-2642-FE0F,11111011001000110 11111001111111011 10000000001101 10011001000010 1111111000001111,F09F9986F09F8FBBE2808DE29982EFB88F,1111000010011111100110011000011011110000100111111000111110111011111000101000000010001101111000101001100110000010111011111011100010001111
162,794,1102,34,63,811,1133.5,242.79,239.50,🚶🏾‍♀️,CUSTOM INPUT,1F6B6-1F3FE-200D-2640-FE0F,11111011010110110 11111001111111110 10000000001101 10011001000000 1111111000001111,F09F9AB6F09F8FBEE2808DE29980EFB88F,1111000010011111100110101011011011110000100111111000111110111110111000101000000010001101111000101001100110000000111011111011100010001111
163,698,1197,62,68,729,1231,234.94,360.38,🧏🏾‍♂️,CUSTOM INPUT,1F9CF-1F3FE-200D-2642-FE0F,11111100111001111 11111001111111110 10000000001101 10011001000010 1111111000001111,F09FA78FF09F8FBEE2808DE29982EFB88F,1111000010011111101001111000111111110000100111111000111110111110111000101000000010001101111000101001100110000010111011111011100010001111
164,805,1201,37,66,823.5,1234,223.67,290.35,🦶🏾,CUSTOM INPUT,1F9B6-1F3FE,11111100110110110 11111001111111110,F09FA6B6F09F8FBE,1111000010011111101001101011011011110000100111111000111110111110
165,891,1149,68,68,925,1183,211.91,187.30,🙆🏾‍♀️,CUSTOM INPUT,1F646-1F3FE-200D-2640-FE0F,11111011001000110 11111001111111110 10000000001101 10011001000000 1111111000001111,F09F9986F09F8FBEE2808DE29980EFB88F,1111000010011111100110011000011011110000100111111000111110111110111000101000000010001101111000101001100110000000111011111011100010001111
166,999,1089,59,67,1028.5,1122.5,177.38,98.60,👨‍⚖️,MAN JUDGE,1F468-200D-2696-FE0F,11111010001101000 10000000001101 10011010010110 1111111000001111,F09F91A8E2808DE29A96EFB88F,11110000100111111001000110101000111000101000000010001101111000101001101010010110111011111011100010001111
167,1109,1075,58,69,1138,1109.5,126.87,142.50,🧑‍🚒,FIREFIGHTER,1F9D1-200D-1F692,11111100111010001 10000000001101 11111011010010010,F09FA791E2808DF09F9A92,1111000010011111101001111001000111100010100000001000110111110000100111111001101010010010
168,1058,1181,64,70,1090,1216,161.03,203.03,👯,WOMAN WITH BUNNY EARS,1F46F,11111010001101111,F09F91AF,11110000100111111001000110101111
169,942,1241,57,61,970.5,1271.5,192.20,253.22,👸🏻,CUSTOM INPUT,1F478-1F3FB,11111010001111000 11111001111111011,F09F91B8F09F8FBB,1111000010011111100100011011100011110000100111111000111110111011
170,857,1291,63,68,888.5,1325,204.24,330.09,⛹🏻‍♀️,CUSTOM INPUT,26F9-1F3FB-200D-2640-FE0F,10011011111001 11111001111111011 10000000001101 10011001000000 1111111000001111,E29BB9F09F8FBBE2808DE29980EFB88F,11100010100110111011100111110000100111111000111110111011111000101000000010001101111000101001100110000000111011111011100010001111
171,773,1314,40,60,793,1344,215.82,394.67,🧑🏿‍🦽,CUSTOM INPUT,1F9D1-1F3FF-200D-1F9BD,11111100111010001 11111001111111111 10000000001101 11111100110111101,F09FA791F09F8FBFE2808DF09FA6BD,111100001001111110100111100100011111000010011111100011111011111111100010100000001000110111110000100111111010011010111101
172,674,1293,34,64,691,1325,227.89,448.88,🚶🏿,CUSTOM INPUT,1F6B6-1F3FF,11111011010110110 11111001111111111,F09F9AB6F09F8FBF,1111000010011111100110101011011011110000100111111000111110111111
173,665,1385,41,67,685.5,1418.5,220.63,519.82,🫃🏻,CUSTOM INPUT,1FAC3-1F3FB,11111101011000011 11111001111111011,F09FAB83F09F8FBB,1111000010011111101010111000001111110000100111111000111110111011
174,767,1408,62,67,798,1441.5,208.43,474.74,👨‍🚀,MAN ASTRONAUT,1F468-200D-1F680,11111010001101000 10000000001101 11111011010000000,F09F91A8E2808DF09F9A80,1111000010011111100100011010100011100010100000001000110111110000100111111001101010000000
175,873,1398,64,67,905,1431.5,196.28,424.52,🕵🏿‍♀️,CUSTOM INPUT,1F575-1F3FF-200D-2640-FE0F,11111010101110101 11111001111111111 10000000001101 10011001000000 1111111000001111,F09F95B5F09F8FBFE2808DE29980EFB88F,1111000010011111100101011011010111110000100111111000111110111111111000101000000010001101111000101001100110000000111011111011100010001111
176,801,1493,52,70,827,1528,201.35,541.13,🧞‍♀️,WOMAN GENIE,1F9DE-200D-2640-FE0F,11111100111011110 10000000001101 10011001000000 1111111000001111,F09FA79EE2808DE29980EFB88F,11110000100111111010011110011110111000101000000010001101111000101001100110000000111011111011100010001111
177,674,1475,62,69,705,1509.5,213.31,580.92,🤳,SELFIE,1F933,11111100100110011,F09FA4B3,11110000100111111010010010110011
178,711,1562,67,64,744.5,1594,206.12,634.84,👿,IMP,1F47F,11111010001111111,F09F91BF,11110000100111111001000110111111
179,768,1762,62,69,799,1796.5,196.24,804.60,🖐,HAND WITH FINGERS SPLAYED,1F590,11111010110010000,F09F9690,11110000100111111001011010010000
180,858,1709,45,69,880.5,1743.5,191.28,733.67,🏌🏿‍♀️,CUSTOM INPUT,1F3CC-1F3FF-200D-2640-FE0F,11111001111001100 11111001111111111 10000000001101 10011001000000 1111111000001111,F09F8F8CF09F8FBFE2808DE29980EFB88F,1111000010011111100011111000110011110000100111111000111110111111111000101000000010001101111000101001100110000000111011111011100010001111
181,872,1841,35,48,889.5,1865,189.09,851.69,🧎🏻,CUSTOM INPUT,1F9CE-1F3FB,11111100111001110 11111001111111011,F09FA78EF09F8FBB,1111000010011111101001111000111011110000100111111000111110111011
182,933,1765,63,67,964.5,1798.5,184.39,776.78,🧏🏾‍♂️,CUSTOM INPUT,1F9CF-1F3FE-200D-2642-FE0F,11111100111001111 11111001111111110 10000000001101 10011001000010 1111111000001111,F09FA78FF09F8FBEE2808DE29982EFB88F,1111000010011111101001111000111111110000100111111000111110111110111000101000000010001101111000101001100110000010111011111011100010001111
183,969,1881,50,57,994,1909.5,181.94,886.01,🫅🏿,CUSTOM INPUT,1FAC5-1F3FF,11111101011000101 11111001111111111,F09FAB85F09F8FBF,1111000010011111101010111000010111110000100111111000111110111111
184,1041,1809,47,63,1064.5,1840.5,177.16,817.50,👲🏻,CUSTOM INPUT,1F472-1F3FB,11111010001110010 11111001111111011,F09F91B2F09F8FBB,1111000010011111100100011011001011110000100111111000111110111011
185,918,1638,59,66,947.5,1671,186.74,651.51,🏃,RUNNER,1F3C3,11111001111000011,F09F8F83,11110000100111111000111110000011
186,843,1585,67,40,876.5,1605,194.24,599.43,🚣‍♂️,MAN ROWING BOAT,1F6A3-200D-2642-FE0F,11111011010100011 10000000001101 10011001000010 1111111000001111,F09F9AA3E2808DE29982EFB88F,11110000100111111001101010100011111000101000000010001101111000101001100110000010111011111011100010001111
187,915,1484,52,67,941,1517.5,189.55,500.43,👌🏾,CUSTOM INPUT,1F44C-1F3FE,11111010001001100 11111001111111110,F09F918CF09F8FBE,1111000010011111100100011000110011110000100111111000111110111110
188,968,1554,68,69,1002,1588.5,182.23,564.93,❤️‍🩹,MENDING HEART,2764-FE0F-200D-1FA79,10011101100100 1111111000001111 10000000001101 11111101001111001,E29DA4EFB88FE2808DF09FA9B9,11100010100111011010010011101111101110001000111111100010100000001000110111110000100111111010100110111001
189,1262,1850,57,66,1290.5,1883,162.76,899.39,👨🏾‍🔧,CUSTOM INPUT,1F468-1F3FE-200D-1F527,11111010001101000 11111001111111110 10000000001101 11111010100100111,F09F91A8F09F8FBEE2808DF09F94A7,111100001001111110010001101010001111000010011111100011111011111011100010100000001000110111110000100111111001010010100111
190,1139,1836,65,66,1171.5,1869,170.10,857.78,🤦🏾‍♂️,CUSTOM INPUT,1F926-1F3FE-200D-2642-FE0F,11111100100100110 11111001111111110 10000000001101 10011001000010 1111111000001111,F09FA4A6F09F8FBEE2808DE29982EFB88F,1111000010011111101001001010011011110000100111111000111110111110111000101000000010001101111000101001100110000010111011111011100010001111
191,1090,1733,60,67,1120,1766.5,172.63,748.68,👨‍🦯‍➡️,MAN WITH WHITE CANE FACING RIGHT,1F468-200D-1F9AF-200D-27A1-FE0F,11111010001101000 10000000001101 11111100110101111 10000000001101 10011110100001 1111111000001111,F09F91A8E2808DF09FA6AFE2808DE29EA1EFB88F,1111000010011111100100011010100011100010100000001000110111110000100111111010011010101111111000101000000010001101111000101001111010100001111011111011100010001111
192,1052,1614,51,63,1077.5,1645.5,175.08,623.80,🧝🏾,CUSTOM INPUT,1F9DD-1F3FE,11111100111011101 11111001111111110,F09FA79DF09F8FBE,1111000010011111101001111001110111110000100111111000111110111110
193,1135,1645,61,71,1165.5,1680.5,167.84,671.58,💆🏾‍♂️,CUSTOM INPUT,1F486-1F3FE-200D-2642-FE0F,11111010010000110 11111001111111110 10000000001101 10011001000010 1111111000001111,F09F9286F09F8FBEE2808DE29982EFB88F,1111000010011111100100101000011011110000100111111000111110111110111000101000000010001101111000101001100110000010111011111011100010001111
194,1000,1691,60,71,1030,1726.5,179.51,702.53,👩🏾‍🏭,CUSTOM INPUT,1F469-1F3FE-200D-1F3ED,11111010001101001 11111001111111110 10000000001101 11111001111101101,F09F91A9F09F8FBEE2808DF09F8FAD,111100001001111110010001101010011111000010011111100011111011111011100010100000001000110111110000100111111000111110101101
195,1196,1756,57,67,1224.5,1789.5,165.32,791.32,🧑🏾,CUSTOM INPUT,1F9D1-1F3FE,11111100111010001 11111001111111110,F09FA791F09F8FBE,1111000010011111101001111001000111110000100111111000111110111110
196,1243,1672,43,67,1264.5,1705.5,160.56,722.69,💡,ELECTRIC LIGHT BULB,1F4A1,11111010010100001,F09F92A1,11110000100111111001001010100001
197,1301,1764,67,66,1334.5,1797,158.12,833.03,🧮,ABACUS,1F9EE,11111100111101110,F09FA7AE,11110000100111111010011110101110
198,1415,1753,66,67,1448,1786.5,150.92,872.46,💅,NAIL POLISH,1F485,11111010010000101,F09F9285,11110000100111111001001010000101
199,1332,1680,68,62,1366,1711,153.54,767.42,🤷‍♂️,MAN SHRUGGING,1F937-200D-2642-FE0F,11111100100110111 10000000001101 10011001000010 1111111000001111,F09FA4B7E2808DE29982EFB88F,11110000100111111010010010110111111000101000000010001101111000101001100110000010111011111011100010001111
200,1453,1665,41,65,1473.5,1697.5,146.28,809.72,💂🏻,CUSTOM INPUT,1F482-1F3FB,11111010010000010 11111001111111011,F09F9282F09F8FBB,1111000010011111100100101000001011110000100111111000111110111011
201,1463,1569,40,67,1483,1602.5,141.57,738.47,🫄,PREGNANT PERSON,1FAC4,11111101011000100,F09FAB84,11110000100111111010101110000100
202,1357,1580,59,68,1386.5,1614,148.43,692.46,🕵🏻,CUSTOM INPUT,1F575-1F3FB,11111010101110101 11111001111111011,F09F95B5F09F8FBB,1111000010011111100101011011010111110000100111111000111110111011
203,1250,1578,70,64,1285,1610,155.99,641.50,🙌,PERSON RAISING BOTH HANDS IN CELEBRATION,1F64C,11111011001001100,F09F998C,11110000100111111001100110001100
204,1162,1549,66,69,1195,1583.5,163.01,585.05,🙇🏽,CUSTOM INPUT,1F647-1F3FD,11111011001000111 11111001111111101,F09F9987F09F8FBD,1111000010011111100110011000011111110000100111111000111110111101
205,1254,1472,70,62,1289,1503,151.05,547.42,⚠️,WARNING SIGN,26A0-FE0F,10011010100000 1111111000001111,E29AA0EFB88F,111000101001101010100000111011111011100010001111
206,1354,1483,54,64,1381,1515,143.98,607.07,👩🏾‍🦼‍➡️,CUSTOM INPUT,1F469-1F3FE-200D-1F9BC-200D-27A1-FE0F,11111010001101001 11111001111111110 10000000001101 11111100110111100 10000000001101 10011110100001 1111111000001111,F09F91A9F09F8FBEE2808DF09FA6BCE2808DE29EA1EFB88F,111100001001111110010001101010011111000010011111100011111011111011100010100000001000110111110000100111111010011010111100111000101000000010001101111000101001111010100001111011111011100010001111
207,1082,1510,64,62,1114,1541,170.12,524.78,🫡,SALUTING FACE,1FAE1,11111101011100001,F09FABA1,11110000100111111010101110100001
208,1012,1446,64,64,1044,1478,177.48,454.44,🧖‍♂️,MAN IN STEAMY ROOM,1F9D6-200D-2642-FE0F,11111100111010110 10000000001101 10011001000010 1111111000001111,F09FA796E2808DE29982EFB88F,11110000100111111010011110010110111000101000000010001101111000101001100110000010111011111011100010001111
209,1092,1380,67,65,1125.5,1412.5,165.36,401.54,💇‍♂️,MAN GETTING HAIRCUT,1F487-200D-2642-FE0F,11111010010000111 10000000001101 10011001000010 1111111000001111,F09F9287E2808DE29982EFB88F,11110000100111111001001010000111111000101000000010001101111000101001100110000010111011111011100010001111
210,1177,1437,55,68,1204.5,1471,158.01,482.07,👩🏿‍🍳,CUSTOM INPUT,1F469-1F3FF-200D-1F373,11111010001101001 11111001111111111 10000000001101 11111001101110011,F09F91A9F09F8FBFE2808DF09F8DB3,111100001001111110010001101010011111000010011111100011111011111111100010100000001000110111110000100111111000110110110011
211,966,1359,58,65,995,1391.5,184.51,368.64,🧑🏾‍💻,CUSTOM INPUT,1F9D1-1F3FE-200D-1F4BB,11111100111010001 11111001111111110 10000000001101 11111010010111011,F09FA791F09F8FBEE2808DF09F92BB,111100001001111110100111100100011111000010011111100011111011111011100010100000001000110111110000100111111001001010111011
212,1038,1289,50,66,1063,1322,172.54,300.54,👨🏾‍⚕️,CUSTOM INPUT,1F468-1F3FE-200D-2695-FE0F,11111010001101000 11111001111111110 10000000001101 10011010010101 1111111000001111,F09F91A8F09F8FBEE2808DE29A95EFB88F,1111000010011111100100011010100011110000100111111000111110111110111000101000000010001101111000101001101010010101111011111011100010001111
213,1143,1294,66,69,1176,1328.5,153.47,340.33,🤦‍♀️,WOMAN FACEPALMING,1F926-200D-2640-FE0F,11111100100100110 10000000001101 10011001000000 1111111000001111,F09FA4A6E2808DE29980EFB88F,11110000100111111010010010100110111000101000000010001101111000101001100110000000111011111011100010001111
214,1238,1351,59,67,1267.5,1384.5,145.96,435.03,🎅🏻,CUSTOM INPUT,1F385-1F3FB,11111001110000101 11111001111111011,F09F8E85F09F8FBB,1111000010011111100011101000010111110000100111111000111110111011
215,1271,1258,50,63,1296,1289.5,134.31,380.10,👩🏿‍💼,CUSTOM INPUT,1F469-1F3FF-200D-1F4BC,11111010001101001 11111001111111111 10000000001101 11111010010111100,F09F91A9F09F8FBFE2808DF09F92BC,111100001001111110010001101010011111000010011111100011111011111111100010100000001000110111110000100111111001001010111100
216,1158,1210,67,42,1191.5,1231,141.02,266.28,👈🏻,CUSTOM INPUT,1F448-1F3FB,11111010001001000 11111001111111011,F09F9188F09F8FBB,1111000010011111100100011000100011110000100111111000111110111011
217,1265,1161,50,62,1290,1192,122.28,314.61,🙎‍♂️,MAN POUTING,1F64E-200D-2642-FE0F,11111011001001110 10000000001101 10011001000010 1111111000001111,F09F998EE2808DE29982EFB88F,11110000100111111001100110001110111000101000000010001101111000101001100110000010111011111011100010001111
218,1557,1636,49,63,1581.5,1667.5,139.10,851.41,🙍‍♂️,MAN FROWNING,1F64D-200D-2642-FE0F,11111011001001101 10000000001101 10011001000010 1111111000001111,F09F998DE2808DE29982EFB88F,11110000100111111001100110001101111000101000000010001101111000101001100110000010111011111011100010001111
219,1650,1585,66,65,1683,1617.5,132.01,886.86,💝,HEART WITH RIBBON,1F49D,11111010010011101,F09F929D,11110000100111111001001010011101
220,1551,1538,65,67,1583.5,1571.5,134.38,782.81,🙅🏿,CUSTOM INPUT,1F645-1F3FF,11111011001000101 11111001111111111,F09F9985F09F8FBF,1111000010011111100110011000010111110000100111111000111110111111
221,1648,1501,67,47,1681.5,1524.5,127.28,826.32,👉,WHITE RIGHT POINTING BACKHAND INDEX,1F449,11111010001001001,F09F9189,11110000100111111001000110001001
222,1445,1469,65,68,1477.5,1503,136.57,659.62,🧜🏾,CUSTOM INPUT,1F9DC-1F3FE,11111100111011100 11111001111111110,F09FA79CF09F8FBE,1111000010011111101001111001110011110000100111111000111110111110
223,1540,1446,62,64,1571,1478,129.69,710.86,😞,DISAPPOINTED FACE,1F61E,11111011000011110,F09F989E,11110000100111111001100010011110
224,1629,1396,69,70,1663.5,1431,122.47,758.03,🫨,SHAKING FACE,1FAE8,11111101011101000,F09FABA8,11110000100111111010101110101000
225,1322,1378,68,63,1356,1409.5,139.26,508.76,🦸🏼,CUSTOM INPUT,1F9B8-1F3FC,11111100110111000 11111001111111100,F09FA6B8F09F8FBC,1111000010011111101001101011100011110000100111111000111110111100
226,1422,1373,57,67,1450.5,1406.5,131.89,572.89,👩‍🎓,WOMAN STUDENT,1F469-200D-1F393,11111010001101001 10000000001101 11111001110010011,F09F91A9E2808DF09F8E93,1111000010011111100100011010100111100010100000001000110111110000100111111000111010010011
227,1515,1352,54,65,1542,1384.5,124.84,631.10,👨🏾‍🔬,CUSTOM INPUT,1F468-1F3FE-200D-1F52C,11111010001101000 11111001111111110 10000000001101 11111010100101100,F09F91A8F09F8FBEE2808DF09F94AC,111100001001111110010001101010001111000010011111100011111011111011100010100000001000110111110000100111111001010010101100
228,1750,1423,48,67,1774,1456.5,119.97,865.77,👷🏿,CUSTOM INPUT,1F477-1F3FF,11111010001110111 11111001111111111,F09F91B7F09F8FBF,1111000010011111100100011011011111110000100111111000111110111111
229,1713,1334,69,66,1747.5,1367,115.36,800.69,👩🏼‍🦱,CUSTOM INPUT,1F469-1F3FC-200D-1F9B1,11111010001101001 11111001111111100 10000000001101 11111100110110001,F09F91A9F09F8FBCE2808DF09FA6B1,111100001001111110010001101010011111000010011111100011111011110011100010100000001000110111110000100111111010011010110001
230,1593,1306,69,65,1627.5,1338.5,117.53,680.53,✍️,WRITING HAND,270D-FE0F,10011100001101 1111111000001111,E29C8DEFB88F,111000101001110010001101111011111011100010001111
231,1798,1249,62,73,1829,1285.5,108.00,846.41,🕵🏾‍♂️,CUSTOM INPUT,1F575-1F3FE-200D-2642-FE0F,11111010101110101 11111001111111110 10000000001101 10011001000010 1111111000001111,F09F95B5F09F8FBEE2808DE29982EFB88F,1111000010011111100101011011010111110000100111111000111110111110111000101000000010001101111000101001100110000010111011111011100010001111
232,1682,1249,49,64,1706.5,1281,110.63,729.28,🤵🏾‍♂️,CUSTOM INPUT,1F935-1F3FE-200D-2642-FE0F,11111100100110101 11111001111111110 10000000001101 10011001000010 1111111000001111,F09FA4B5F09F8FBEE2808DE29982EFB88F,1111000010011111101001001011010111110000100111111000111110111110111000101000000010001101111000101001100110000010111011111011100010001111
233,1371,1271,47,66,1394.5,1304,127.08,464.40,🫅🏿,CUSTOM INPUT,1FAC5-1F3FF,11111101011000101 11111001111111111,F09FAB85F09F8FBF,1111000010011111101010111000010111110000100111111000111110111111
234,1465,1257,42,68,1486,1291,120.02,533.60,🤰,PREGNANT WOMAN,1F930,11111100100110000,F09FA4B0,11110000100111111010010010110000
235,1367,1165,65,67,1399.5,1198.5,114.92,414.07,🔑,KEY,1F511,11111010100010001,F09F9491,11110000100111111001010010010001
236,1467,1142,45,67,1489.5,1175.5,108.03,489.53,✌️,VICTORY HAND,270C-FE0F,10011100001100 1111111000001111,E29C8CEFB88F,111000101001110010001100111011111011100010001111
237,1547,1223,51,68,1572.5,1257,113.02,595.94,👩🏻‍⚕️,CUSTOM INPUT,1F469-1F3FB-200D-2695-FE0F,11111010001101001 11111001111111011 10000000001101 10011010010101 1111111000001111,F09F91A9F09F8FBBE2808DE29A95EFB88F,1111000010011111100100011010100111110000100111111000111110111011111000101000000010001101111000101001101010010101111011111011100010001111
238,1620,1166,58,69,1649,1200.5,105.77,649.44,🧔🏾,CUSTOM INPUT,1F9D4-1F3FE,11111100111010100 11111001111111110,F09FA794F09F8FBE,1111000010011111101001111001010011110000100111111000111110111110
239,1768,1172,46,65,1791,1204.5,103.24,787.95,🫸🏻,CUSTOM INPUT,1FAF8-1F3FB,11111101011111000 11111001111111011,F09FABB8F09F8FBB,1111000010011111101010111011100011110000100111111000111110111011
240,1852,1165,73,55,1888.5,1192.5,101.03,880.77,👁️,EYE,1F441-FE0F,11111010001000001 1111111000001111,F09F9181EFB88F,11110000100111111001000110000001111011111011100010001111
241,1540,1097,63,65,1571.5,1129.5,100.91,557.57,😪,SLEEPY FACE,1F62A,11111011000101010,F09F98AA,11110000100111111001100010101010
242,1683,1099,70,64,1718,1131,98.76,702.20,👩🏽‍🦰,CUSTOM INPUT,1F469-1F3FD-200D-1F9B0,11111010001101001 11111001111111101 10000000001101 11111100110110000,F09F91A9F09F8FBDE2808DF09FA6B0,111100001001111110010001101010011111000010011111100011111011110111100010100000001000110111110000100111111010011010110000
243,1803,1091,67,44,1836.5,1113,96.25,817.36,🫶,HEART HANDS,1FAF6,11111101011110110,F09FABB6,11110000100111111010101110110110
244,1338,1071,65,69,1370.5,1105.5,103.24,355.96,👍,THUMBS UP SIGN,1F44D,11111010001001101,F09F918D,11110000100111111001000110001101
245,1212,1063,46,68,1235,1097,109.08,223.27,☝🏿,CUSTOM INPUT,261D-1F3FF,10011000011101 11111001111111111,E2989DF09F8FBF,11100010100110001001110111110000100111111000111110111111
246,1436,1038,61,68,1466.5,1072,96.19,445.10,👰🏻‍♀️,CUSTOM INPUT,1F470-1F3FB-200D-2640-FE0F,11111010001110000 11111001111111011 10000000001101 10011001000000 1111111000001111,F09F91B0F09F8FBBE2808DE29980EFB88F,1111000010011111100100011011000011110000100111111000111110111011111000101000000010001101111000101001100110000000111011111011100010001111
247,1273,992,69,70,1307.5,1027,90.61,283.52,💇‍♀️,WOMAN GETTING HAIRCUT,1F487-200D-2640-FE0F,11111010010000111 10000000001101 10011001000000 1111111000001111,F09F9287E2808DE29980EFB88F,11110000100111111001001010000111111000101000000010001101111000101001100110000000111011111011100010001111
248,1380,950,65,68,1412.5,984,84.12,390.55,🧗🏿‍♀️,CUSTOM INPUT,1F9D7-1F3FF-200D-2640-FE0F,11111100111010111 11111001111111111 10000000001101 10011001000000 1111111000001111,F09FA797F09F8FBFE2808DE29980EFB88F,1111000010011111101001111001011111110000100111111000111110111111111000101000000010001101111000101001100110000000111011111011100010001111
249,1510,981,61,69,1540.5,1015.5,89.06,516.57,⛹🏻‍♂️,CUSTOM INPUT,26F9-1F3FB-200D-2642-FE0F,10011011111001 11111001111111011 10000000001101 10011001000010 1111111000001111,E29BB9F09F8FBBE2808DE29982EFB88F,11100010100110111011100111110000100111111000111110111011111000101000000010001101111000101001100110000010111011111011100010001111
250,1160,956,61,67,1190.5,989.5,78.29,170.04,👨🏻‍🦯,CUSTOM INPUT,1F468-1F3FB-200D-1F9AF,11111010001101000 11111001111111011 10000000001101 11111100110101111,F09F91A8F09F8FBBE2808DF09FA6AF,111100001001111110010001101010001111000010011111100011111011101111100010100000001000110111110000100111111010011010101111
251,1314,893,54,65,1341,925.5,72.74,331.95,👩🏼‍🔧,CUSTOM INPUT,1F469-1F3FC-200D-1F527,11111010001101001 11111001111111100 10000000001101 11111010100100111,F09F91A9F09F8FBCE2808DF09F94A7,111100001001111110010001101010011111000010011111100011111011110011100010100000001000110111110000100111111001010010100111
252,1455,886,64,65,1487,918.5,77.16,474.87,🤌,PINCHED FINGERS,1F90C,11111100100001100,F09FA48C,11110000100111111010010010001100
253,1582,909,44,70,1604,944,82.15,585.49,🏌,PERSON GOLFING,1F3CC,11111001111001100,F09F8F8C,11110000100111111000111110001100
254,1607,1031,63,67,1638.5,1064.5,93.77,615.83,🙇🏾‍♀️,CUSTOM INPUT,1F647-1F3FE-200D-2640-FE0F,11111011001000111 11111001111111110 10000000001101 10011001000000 1111111000001111,F09F9987F09F8FBEE2808DE29980EFB88F,1111000010011111100110011000011111110000100111111000111110111110111000101000000010001101111000101001100110000000111011111011100010001111
255,1669,954,58,67,1698,987.5,86.90,674.99,👩🏻‍🎤,CUSTOM INPUT,1F469-1F3FB-200D-1F3A4,11111010001101001 11111001111111011 10000000001101 11111001110100100,F09F91A9F09F8FBBE2808DF09F8EA4,111100001001111110010001101010011111000010011111100011111011101111100010100000001000110111110000100111111000111010100100
256,1740,1014,63,63,1771.5,1045.5,91.65,747.81,☹️,FROWNING FACE,2639-FE0F,10011000111001 1111111000001111,E298B9EFB88F,111000101001100010111001111011111011100010001111
257,1848,981,69,63,1882.5,1012.5,89.23,858.58,💁🏼,CUSTOM INPUT,1F481-1F3FC,11111010010000001 11111001111111100,F09F9281F09F8FBC,1111000010011111100100101000000111110000100111111000111110111100
258,962,963,123,123,1023.5,1024.5,225.00,0.71,BITCOIN LOGO CENTER,CUSTOM INPUT,0062,1100010,62,01100010